,timestamp,SITE,ASSET,COMPONENT,alert_name,event_date
0,1647619928967,-1844894889,1477164192,-1702932383,LM_a141_cableTempImbalance,2022-03-18
1,1647620105662,-1844894889,1477164192,-1702932383,LM_a141_cableTempImbalance,2022-03-18
2,1647259045505,-977145491,-2098644635,-226928606,LM_a141_cableTempImbalance,2022-03-14
3,1647193059705,-207607826,-1470107556,-837209140,LM_a141_cableTempImbalance,2022-03-13
4,1647193502594,-207607826,-1470107556,-837209140,LM_a141_cableTempImbalance,2022-03-13
5,1647196386513,-207607826,-1470107556,-837209140,LM_a141_cableTempImbalance,2022-03-13
6,1647112010185,-2073653851,-2126066089,-46972795,LM_a141_cableTempImbalance,2022-03-12
7,1647112097880,-2073653851,-2126066089,-46972795,LM_a141_cableTempImbalance,2022-03-12
8,1647112194877,-2073653851,-2126066089,-46972795,LM_a141_cableTempImbalance,2022-03-12
9,1647112313272,-2073653851,-2126066089,-46972795,LM_a141_cableTempImbalance,2022-03-12
10,1647467529839,-1557133113,-1287547090,-404457910,LM_a247_ambientTempStale,2022-03-16
11,1647467529839,-1557133113,-1287547090,-358949053,LM_a247_ambientTempStale,2022-03-16
12,1647467529839,-1557133113,-1287547090,1105510009,LM_a247_ambientTempStale,2022-03-16
13,1647467529839,-1557133113,-1287547090,-1843899103,LM_a247_ambientTempStale,2022-03-16
14,1647467770937,-1557133113,-1287547090,-1843899103,LM_a247_ambientTempStale,2022-03-16
15,1647467770937,-1557133113,-1287547090,-404457910,LM_a247_ambientTempStale,2022-03-16
16,1647467770937,-1557133113,-1287547090,1105510009,LM_a247_ambientTempStale,2022-03-16
17,1647467770937,-1557133113,-1287547090,-358949053,LM_a247_ambientTempStale,2022-03-16
18,1647467843937,-1557133113,-1287547090,-358949053,LM_a247_ambientTempStale,2022-03-16
19,1647467843937,-1557133113,-1287547090,1105510009,LM_a247_ambientTempStale,2022-03-16
20,1647467843937,-1557133113,-1287547090,-404457910,LM_a247_ambientTempStale,2022-03-16
21,1647467843937,-1557133113,-1287547090,-1843899103,LM_a247_ambientTempStale,2022-03-16
22,1647467884936,-1557133113,-1287547090,1105510009,LM_a247_ambientTempStale,2022-03-16
23,1647467884936,-1557133113,-1287547090,-1843899103,LM_a247_ambientTempStale,2022-03-16
24,1647467884936,-1557133113,-1287547090,-404457910,LM_a247_ambientTempStale,2022-03-16
25,1647467884936,-1557133113,-1287547090,-358949053,LM_a247_ambientTempStale,2022-03-16
26,1647467888935,-1557133113,-1287547090,-358949053,LM_a247_ambientTempStale,2022-03-16
27,1647467888935,-1557133113,-1287547090,-1843899103,LM_a247_ambientTempStale,2022-03-16
28,1647467888935,-1557133113,-1287547090,-404457910,LM_a247_ambientTempStale,2022-03-16
29,1647467888935,-1557133113,-1287547090,1105510009,LM_a247_ambientTempStale,2022-03-16
30,1647467897935,-1557133113,-1287547090,-358949053,LM_a247_ambientTempStale,2022-03-16
31,1647467897935,-1557133113,-1287547090,1105510009,LM_a247_ambientTempStale,2022-03-16
32,1647467897935,-1557133113,-1287547090,-1843899103,LM_a247_ambientTempStale,2022-03-16
33,1647467897935,-1557133113,-1287547090,-404457910,LM_a247_ambientTempStale,2022-03-16
34,1647468362945,-1557133113,-1287547090,-358949053,LM_a247_ambientTempStale,2022-03-16
35,1647468362945,-1557133113,-1287547090,-404457910,LM_a247_ambientTempStale,2022-03-16
36,1647468362945,-1557133113,-1287547090,1105510009,LM_a247_ambientTempStale,2022-03-16
37,1647468362945,-1557133113,-1287547090,-1843899103,LM_a247_ambientTempStale,2022-03-16
38,1647468416946,-1557133113,-1287547090,-358949053,LM_a247_ambientTempStale,2022-03-16
39,1647468416946,-1557133113,-1287547090,1105510009,LM_a247_ambientTempStale,2022-03-16
40,1647468416946,-1557133113,-1287547090,-1843899103,LM_a247_ambientTempStale,2022-03-16
41,1647468416946,-1557133113,-1287547090,-404457910,LM_a247_ambientTempStale,2022-03-16
42,1647468465945,-1557133113,-1287547090,-358949053,LM_a247_ambientTempStale,2022-03-16
43,1647468465945,-1557133113,-1287547090,1105510009,LM_a247_ambientTempStale,2022-03-16
44,1647468465945,-1557133113,-1287547090,-1843899103,LM_a247_ambientTempStale,2022-03-16
45,1647468465945,-1557133113,-1287547090,-404457910,LM_a247_ambientTempStale,2022-03-16
46,1647468524947,-1557133113,-1287547090,-358949053,LM_a247_ambientTempStale,2022-03-16
47,1647468524947,-1557133113,-1287547090,-404457910,LM_a247_ambientTempStale,2022-03-16
48,1647468524947,-1557133113,-1287547090,-1843899103,LM_a247_ambientTempStale,2022-03-16
49,1647468524947,-1557133113,-1287547090,1105510009,LM_a247_ambientTempStale,2022-03-16
50,1647470200996,-1557133113,-1287547090,-404457910,LM_a247_ambientTempStale,2022-03-16
51,1647470200996,-1557133113,-1287547090,1105510009,LM_a247_ambientTempStale,2022-03-16
52,1647470200996,-1557133113,-1287547090,-1843899103,LM_a247_ambientTempStale,2022-03-16
53,1647470200996,-1557133113,-1287547090,-358949053,LM_a247_ambientTempStale,2022-03-16
54,1647393317201,-207607826,-1470107556,252179273,LM_a141_cableTempImbalance,2022-03-16
55,1647393359700,-207607826,-1470107556,252179273,LM_a141_cableTempImbalance,2022-03-16
56,1647398924541,-207607826,-1470107556,252179273,LM_a141_cableTempImbalance,2022-03-16
57,1647409724449,-207607826,-1470107556,-837209140,LM_a141_cableTempImbalance,2022-03-16
58,1647410982080,-207607826,-1470107556,-837209140,LM_a141_cableTempImbalance,2022-03-16
59,1647470038140,-207607826,-1470107556,-837209140,LM_a141_cableTempImbalance,2022-03-16
60,1647474276447,-207607826,-1470107556,252179273,LM_a141_cableTempImbalance,2022-03-16
61,1647551466031,-1557133113,-1287547090,-404457910,LM_a247_ambientTempStale,2022-03-17
62,1647551466031,-1557133113,-1287547090,1105510009,LM_a247_ambientTempStale,2022-03-17
63,1647551466031,-1557133113,-1287547090,-358949053,LM_a247_ambientTempStale,2022-03-17
64,1647551466031,-1557133113,-1287547090,-1843899103,LM_a247_ambientTempStale,2022-03-17
65,1647523900576,1812465445,-2120433623,372425752,LM_a141_cableTempImbalance,2022-03-17
66,1647477387735,-207607826,-1470107556,-837209140,LM_a141_cableTempImbalance,2022-03-17
67,1647477412935,-207607826,-1470107556,-837209140,LM_a141_cableTempImbalance,2022-03-17
68,1647477421235,-207607826,-1470107556,-837209140,LM_a141_cableTempImbalance,2022-03-17
69,1647477439034,-207607826,-1470107556,252179273,LM_a141_cableTempImbalance,2022-03-17
70,1647477855222,-207607826,-1470107556,-837209140,LM_a141_cableTempImbalance,2022-03-17
71,1647477963519,-207607826,-1470107556,-837209140,LM_a141_cableTempImbalance,2022-03-17
72,1647477992318,-207607826,-1470107556,-837209140,LM_a141_cableTempImbalance,2022-03-17
73,1647478014017,-207607826,-1470107556,-837209140,LM_a141_cableTempImbalance,2022-03-17
74,1647478160615,-207607826,-1470107556,-837209140,LM_a141_cableTempImbalance,2022-03-17
75,1647478253013,-207607826,-1470107556,-837209140,LM_a141_cableTempImbalance,2022-03-17
76,1647478345409,-207607826,-1470107556,-837209140,LM_a141_cableTempImbalance,2022-03-17
77,1647478351709,-207607826,-1470107556,-837209140,LM_a141_cableTempImbalance,2022-03-17
78,1647478511906,-207607826,-1470107556,-837209140,LM_a141_cableTempImbalance,2022-03-17
79,1647478544405,-207607826,-1470107556,-837209140,LM_a141_cableTempImbalance,2022-03-17
80,1647478552604,-207607826,-1470107556,-837209140,LM_a141_cableTempImbalance,2022-03-17
81,1647484201640,-207607826,-1470107556,-837209140,LM_a141_cableTempImbalance,2022-03-17
82,1647485014718,-207607826,-1470107556,-837209140,LM_a141_cableTempImbalance,2022-03-17
83,1647485237710,-207607826,-1470107556,-837209140,LM_a141_cableTempImbalance,2022-03-17
84,1647486131785,-207607826,-1470107556,252179273,LM_a141_cableTempImbalance,2022-03-17
85,1647486142585,-207607826,-1470107556,252179273,LM_a141_cableTempImbalance,2022-03-17
86,1647486147285,-207607826,-1470107556,252179273,LM_a141_cableTempImbalance,2022-03-17
87,1647489882774,-207607826,-1470107556,252179273,LM_a141_cableTempImbalance,2022-03-17
88,1647538795773,-207607826,-1470107556,-837209140,LM_a141_cableTempImbalance,2022-03-17
89,1647539138862,-207607826,-1470107556,-837209140,LM_a141_cableTempImbalance,2022-03-17
90,1647542626367,-207607826,-1470107556,-837209140,LM_a141_cableTempImbalance,2022-03-17
91,1647543218451,-207607826,-1470107556,252179273,LM_a141_cableTempImbalance,2022-03-17
92,1647543221751,-207607826,-1470107556,252179273,LM_a141_cableTempImbalance,2022-03-17
93,1647543300449,-207607826,-1470107556,252179273,LM_a141_cableTempImbalance,2022-03-17
94,1647545015405,-207607826,-1470107556,-837209140,LM_a141_cableTempImbalance,2022-03-17
95,1647545061204,-207607826,-1470107556,-837209140,LM_a141_cableTempImbalance,2022-03-17
96,1647545354796,-207607826,-1470107556,252179273,LM_a141_cableTempImbalance,2022-03-17
97,1647546752866,-207607826,-1470107556,-837209140,LM_a141_cableTempImbalance,2022-03-17
98,1647546816364,-207607826,-1470107556,-837209140,LM_a141_cableTempImbalance,2022-03-17
99,1647546819365,-207607826,-1470107556,-837209140,LM_a141_cableTempImbalance,2022-03-17
100,1647548461827,-207607826,-1470107556,-837209140,LM_a141_cableTempImbalance,2022-03-17
101,1647549000515,-207607826,-1470107556,-837209140,LM_a141_cableTempImbalance,2022-03-17
102,1647549146712,-207607826,-1470107556,-837209140,LM_a141_cableTempImbalance,2022-03-17
103,1647702450114,-1557133113,-1287547090,-404457910,LM_a247_ambientTempStale,2022-03-19
104,1647702450114,-1557133113,-1287547090,-1843899103,LM_a247_ambientTempStale,2022-03-19
105,1647702450114,-1557133113,-1287547090,1105510009,LM_a247_ambientTempStale,2022-03-19
106,1647702450114,-1557133113,-1287547090,-358949053,LM_a247_ambientTempStale,2022-03-19
107,1647724522678,-1844894889,1477164192,-1702932383,LM_a141_cableTempImbalance,2022-03-19
108,1647724612775,-1844894889,1477164192,-1702932383,LM_a141_cableTempImbalance,2022-03-19
109,1647724703174,-1844894889,1477164192,-1702932383,LM_a141_cableTempImbalance,2022-03-19
110,1647724791771,-1844894889,1477164192,-1702932383,LM_a141_cableTempImbalance,2022-03-19
111,1647724883469,-1844894889,1477164192,-1702932383,LM_a141_cableTempImbalance,2022-03-19
112,1647724980367,-1844894889,1477164192,-1702932383,LM_a141_cableTempImbalance,2022-03-19
113,1647725097263,-1844894889,1477164192,-1702932383,LM_a141_cableTempImbalance,2022-03-19
114,1647224917339,-207607826,-1470107556,-837209140,LM_a141_cableTempImbalance,2022-03-14
115,1647224923739,-207607826,-1470107556,-837209140,LM_a141_cableTempImbalance,2022-03-14
116,1647224932539,-207607826,-1470107556,-837209140,LM_a141_cableTempImbalance,2022-03-14
117,1647224941338,-207607826,-1470107556,-837209140,LM_a141_cableTempImbalance,2022-03-14
118,1647225037636,-207607826,-1470107556,-837209140,LM_a141_cableTempImbalance,2022-03-14
119,1647225089534,-207607826,-1470107556,-837209140,LM_a141_cableTempImbalance,2022-03-14
120,1647225100634,-207607826,-1470107556,-837209140,LM_a141_cableTempImbalance,2022-03-14
121,1647225124134,-207607826,-1470107556,-837209140,LM_a141_cableTempImbalance,2022-03-14
122,1647236929290,-207607826,-1470107556,-837209140,LM_a141_cableTempImbalance,2022-03-14
123,1647236933189,-207607826,-1470107556,-837209140,LM_a141_cableTempImbalance,2022-03-14
124,1647236979088,-207607826,-1470107556,-837209140,LM_a141_cableTempImbalance,2022-03-14
125,1647237109584,-207607826,-1470107556,-837209140,LM_a141_cableTempImbalance,2022-03-14
126,1647237270679,-207607826,-1470107556,-837209140,LM_a141_cableTempImbalance,2022-03-14
127,1647277830466,-207607826,-1470107556,-837209140,LM_a141_cableTempImbalance,2022-03-14
128,1647277837266,-207607826,-1470107556,-837209140,LM_a141_cableTempImbalance,2022-03-14
129,1647277846465,-207607826,-1470107556,-837209140,LM_a141_cableTempImbalance,2022-03-14
130,1647281460361,-207607826,-1470107556,-837209140,LM_a141_cableTempImbalance,2022-03-14
131,1647284683677,-207607826,-1470107556,-837209140,LM_a141_cableTempImbalance,2022-03-14
132,1647284704976,-207607826,-1470107556,-837209140,LM_a141_cableTempImbalance,2022-03-14
133,1647284757374,-207607826,-1470107556,-837209140,LM_a141_cableTempImbalance,2022-03-14
134,1647284809972,-207607826,-1470107556,-837209140,LM_a141_cableTempImbalance,2022-03-14
135,1647284821371,-207607826,-1470107556,-837209140,LM_a141_cableTempImbalance,2022-03-14
136,1647284871572,-207607826,-1470107556,-837209140,LM_a141_cableTempImbalance,2022-03-14
137,1647285190561,-207607826,-1470107556,-837209140,LM_a141_cableTempImbalance,2022-03-14
138,1647291948184,-207607826,-1470107556,252179273,LM_a141_cableTempImbalance,2022-03-14
139,1647302158411,-207607826,-1470107556,-837209140,LM_a141_cableTempImbalance,2022-03-14
140,1647302166012,-207607826,-1470107556,-837209140,LM_a141_cableTempImbalance,2022-03-14
141,1647309222243,-207607826,-1470107556,-837209140,LM_a141_cableTempImbalance,2022-03-15
142,1647309261815,-207607826,-1470107556,-837209140,LM_a141_cableTempImbalance,2022-03-15
143,1647309337114,-207607826,-1470107556,-837209140,LM_a141_cableTempImbalance,2022-03-15
144,1647310104191,-207607826,-1470107556,-837209140,LM_a141_cableTempImbalance,2022-03-15
145,1647322674518,-207607826,-1470107556,-837209140,LM_a141_cableTempImbalance,2022-03-15
146,1647322685919,-207607826,-1470107556,-837209140,LM_a141_cableTempImbalance,2022-03-15
147,1647323143706,-207607826,-1470107556,-837209140,LM_a141_cableTempImbalance,2022-03-15
148,1647323238201,-207607826,-1470107556,-837209140,LM_a141_cableTempImbalance,2022-03-15
149,1647323257500,-207607826,-1470107556,-837209140,LM_a141_cableTempImbalance,2022-03-15
150,1647323267000,-207607826,-1470107556,-837209140,LM_a141_cableTempImbalance,2022-03-15
151,1647361451777,-207607826,-1470107556,252179273,LM_a141_cableTempImbalance,2022-03-15
152,1647363694411,-207607826,-1470107556,-837209140,LM_a141_cableTempImbalance,2022-03-15
153,1647363727310,-207607826,-1470107556,-837209140,LM_a141_cableTempImbalance,2022-03-15
154,1647364599783,-207607826,-1470107556,-837209140,LM_a141_cableTempImbalance,2022-03-15
155,1647365378361,-207607826,-1470107556,-837209140,LM_a141_cableTempImbalance,2022-03-15
156,1647365467660,-207607826,-1470107556,-837209140,LM_a141_cableTempImbalance,2022-03-15
157,1647366144841,-207607826,-1470107556,-837209140,LM_a141_cableTempImbalance,2022-03-15
158,1647366644028,-207607826,-1470107556,-837209140,LM_a141_cableTempImbalance,2022-03-15
159,1647371473596,-207607826,-1470107556,-837209140,LM_a141_cableTempImbalance,2022-03-15
160,1647371480796,-207607826,-1470107556,-837209140,LM_a141_cableTempImbalance,2022-03-15
161,1647373684143,-207607826,-1470107556,252179273,LM_a141_cableTempImbalance,2022-03-15
162,1647382877096,-207607826,-1470107556,252179273,LM_a141_cableTempImbalance,2022-03-15
163,1647382901276,-207607826,-1470107556,252179273,LM_a141_cableTempImbalance,2022-03-15
164,1647383268885,-207607826,-1470107556,-837209140,LM_a141_cableTempImbalance,2022-03-15
165,1647383751472,-207607826,-1470107556,-837209140,LM_a141_cableTempImbalance,2022-03-15
166,1647383804271,-207607826,-1470107556,-837209140,LM_a141_cableTempImbalance,2022-03-15
167,1647383875968,-207607826,-1470107556,-837209140,LM_a141_cableTempImbalance,2022-03-15
168,1647383890967,-207607826,-1470107556,-837209140,LM_a141_cableTempImbalance,2022-03-15
169,1647662035659,-152918872,365951380,420204713,LM_a141_cableTempImbalance,2022-03-19
170,1647662174456,-152918872,365951380,420204713,LM_a141_cableTempImbalance,2022-03-19
171,1647357569180,-977145491,-2098644635,-226928606,LM_a141_cableTempImbalance,2022-03-15
172,1647381812414,-1492083459,1996369523,399812473,LM_a141_cableTempImbalance,2022-03-15
173,1647177621520,1524600080,-848050549,1396988257,LM_a141_cableTempImbalance,2022-03-13
174,1647177623321,1524600080,-848050549,1396988257,LM_a141_cableTempImbalance,2022-03-13
175,1647177626055,1524600080,-848050549,1396988257,LM_a141_cableTempImbalance,2022-03-13
176,1647177732617,1524600080,-848050549,1396988257,LM_a141_cableTempImbalance,2022-03-13
177,1647178398795,1524600080,-848050549,1396988257,LM_a141_cableTempImbalance,2022-03-13
178,1647178401994,1524600080,-848050549,1396988257,LM_a141_cableTempImbalance,2022-03-13
179,1647178422493,1524600080,-848050549,1396988257,LM_a141_cableTempImbalance,2022-03-13
180,1647179344761,1524600080,-848050549,1396988257,LM_a141_cableTempImbalance,2022-03-13
181,1647179347660,1524600080,-848050549,1396988257,LM_a141_cableTempImbalance,2022-03-13
182,1647179349359,1524600080,-848050549,1396988257,LM_a141_cableTempImbalance,2022-03-13
183,1647183761902,1524600080,-848050549,1396988257,LM_a141_cableTempImbalance,2022-03-13
184,1647207629310,1524600080,-848050549,1396988257,LM_a141_cableTempImbalance,2022-03-13
185,1647207729306,1524600080,-848050549,1396988257,LM_a141_cableTempImbalance,2022-03-13
186,1647207878799,1524600080,-848050549,1396988257,LM_a141_cableTempImbalance,2022-03-13
187,1647208194686,1524600080,-848050549,1396988257,LM_a141_cableTempImbalance,2022-03-13
188,1647177621621,1524600080,-848050549,1396988257,LM_a191_negTempRationality,2022-03-13
189,1647177624820,1524600080,-848050549,1396988257,LM_a191_negTempRationality,2022-03-13
190,1647177626055,1524600080,-848050549,1396988257,LM_a191_negTempRationality,2022-03-13
191,1647177627421,1524600080,-848050549,1396988257,LM_a191_negTempRationality,2022-03-13
192,1647177628820,1524600080,-848050549,1396988257,LM_a191_negTempRationality,2022-03-13
193,1647177641620,1524600080,-848050549,1396988257,LM_a191_negTempRationality,2022-03-13
194,1647177648520,1524600080,-848050549,1396988257,LM_a191_negTempRationality,2022-03-13
195,1647177733617,1524600080,-848050549,1396988257,LM_a191_negTempRationality,2022-03-13
196,1647177737050,1524600080,-848050549,1396988257,LM_a191_negTempRationality,2022-03-13
197,1647178399895,1524600080,-848050549,1396988257,LM_a191_negTempRationality,2022-03-13
198,1647179345860,1524600080,-848050549,1396988257,LM_a191_negTempRationality,2022-03-13
199,1647183763001,1524600080,-848050549,1396988257,LM_a191_negTempRationality,2022-03-13
200,1647216973433,1524600080,-848050549,1396988257,LM_a141_cableTempImbalance,2022-03-14
201,1647217126127,1524600080,-848050549,1396988257,LM_a141_cableTempImbalance,2022-03-14
202,1647219197640,1524600080,-848050549,1396988257,LM_a141_cableTempImbalance,2022-03-14
203,1647224354522,1524600080,-848050549,1396988257,LM_a141_cableTempImbalance,2022-03-14
204,1647229278813,1524600080,-848050549,1396988257,LM_a141_cableTempImbalance,2022-03-14
205,1647230735151,1524600080,-848050549,1396988257,LM_a141_cableTempImbalance,2022-03-14
206,1647230743352,1524600080,-848050549,1396988257,LM_a141_cableTempImbalance,2022-03-14
207,1647230744852,1524600080,-848050549,1396988257,LM_a141_cableTempImbalance,2022-03-14
208,1647230747452,1524600080,-848050549,1396988257,LM_a141_cableTempImbalance,2022-03-14
209,1647230757651,1524600080,-848050549,1396988257,LM_a141_cableTempImbalance,2022-03-14
210,1647230771150,1524600080,-848050549,1396988257,LM_a141_cableTempImbalance,2022-03-14
211,1647230780249,1524600080,-848050549,1396988257,LM_a141_cableTempImbalance,2022-03-14
212,1647230830047,1524600080,-848050549,1396988257,LM_a141_cableTempImbalance,2022-03-14
213,1647230847746,1524600080,-848050549,1396988257,LM_a141_cableTempImbalance,2022-03-14
214,1647231712612,1524600080,-848050549,1396988257,LM_a141_cableTempImbalance,2022-03-14
215,1647232000897,1524600080,-848050549,1396988257,LM_a141_cableTempImbalance,2022-03-14
216,1647232023197,1524600080,-848050549,1396988257,LM_a141_cableTempImbalance,2022-03-14
217,1647232030097,1524600080,-848050549,1396988257,LM_a141_cableTempImbalance,2022-03-14
218,1647232035997,1524600080,-848050549,1396988257,LM_a141_cableTempImbalance,2022-03-14
219,1647232036997,1524600080,-848050549,1396988257,LM_a141_cableTempImbalance,2022-03-14
220,1647232042697,1524600080,-848050549,1396988257,LM_a141_cableTempImbalance,2022-03-14
221,1647232043997,1524600080,-848050549,1396988257,LM_a141_cableTempImbalance,2022-03-14
222,1647232048696,1524600080,-848050549,1396988257,LM_a141_cableTempImbalance,2022-03-14
223,1647232069495,1524600080,-848050549,1396988257,LM_a141_cableTempImbalance,2022-03-14
224,1647232178791,1524600080,-848050549,1396988257,LM_a141_cableTempImbalance,2022-03-14
225,1647232183091,1524600080,-848050549,1396988257,LM_a141_cableTempImbalance,2022-03-14
226,1647232368083,1524600080,-848050549,1396988257,LM_a141_cableTempImbalance,2022-03-14
227,1647232370384,1524600080,-848050549,1396988257,LM_a141_cableTempImbalance,2022-03-14
228,1647232396281,1524600080,-848050549,1396988257,LM_a141_cableTempImbalance,2022-03-14
229,1647232412381,1524600080,-848050549,1396988257,LM_a141_cableTempImbalance,2022-03-14
230,1647232414681,1524600080,-848050549,1396988257,LM_a141_cableTempImbalance,2022-03-14
231,1647232429180,1524600080,-848050549,1396988257,LM_a141_cableTempImbalance,2022-03-14
232,1647232431181,1524600080,-848050549,1396988257,LM_a141_cableTempImbalance,2022-03-14
233,1647232437080,1524600080,-848050549,1396988257,LM_a141_cableTempImbalance,2022-03-14
234,1647232460078,1524600080,-848050549,1396988257,LM_a141_cableTempImbalance,2022-03-14
235,1647232558976,1524600080,-848050549,1396988257,LM_a141_cableTempImbalance,2022-03-14
236,1647233245046,1524600080,-848050549,1396988257,LM_a141_cableTempImbalance,2022-03-14
237,1647233702527,1524600080,-848050549,1396988257,LM_a141_cableTempImbalance,2022-03-14
238,1647233849422,1524600080,-848050549,1396988257,LM_a141_cableTempImbalance,2022-03-14
239,1647234355199,1524600080,-848050549,1396988257,LM_a141_cableTempImbalance,2022-03-14
240,1647234563090,1524600080,-848050549,1396988257,LM_a141_cableTempImbalance,2022-03-14
241,1647234571490,1524600080,-848050549,1396988257,LM_a141_cableTempImbalance,2022-03-14
242,1647234577590,1524600080,-848050549,1396988257,LM_a141_cableTempImbalance,2022-03-14
243,1647234584790,1524600080,-848050549,1396988257,LM_a141_cableTempImbalance,2022-03-14
244,1647234587890,1524600080,-848050549,1396988257,LM_a141_cableTempImbalance,2022-03-14
245,1647234637588,1524600080,-848050549,1396988257,LM_a141_cableTempImbalance,2022-03-14
246,1647234638687,1524600080,-848050549,1396988257,LM_a141_cableTempImbalance,2022-03-14
247,1647234650488,1524600080,-848050549,1396988257,LM_a141_cableTempImbalance,2022-03-14
248,1647234652288,1524600080,-848050549,1396988257,LM_a141_cableTempImbalance,2022-03-14
249,1647234668586,1524600080,-848050549,1396988257,LM_a141_cableTempImbalance,2022-03-14
250,1647234671787,1524600080,-848050549,1396988257,LM_a141_cableTempImbalance,2022-03-14
251,1647234689385,1524600080,-848050549,1396988257,LM_a141_cableTempImbalance,2022-03-14
252,1647234699685,1524600080,-848050549,1396988257,LM_a141_cableTempImbalance,2022-03-14
253,1647234706884,1524600080,-848050549,1396988257,LM_a141_cableTempImbalance,2022-03-14
254,1647234725583,1524600080,-848050549,1396988257,LM_a141_cableTempImbalance,2022-03-14
255,1647234828280,1524600080,-848050549,1396988257,LM_a141_cableTempImbalance,2022-03-14
256,1647234856279,1524600080,-848050549,1396988257,LM_a141_cableTempImbalance,2022-03-14
257,1647234882678,1524600080,-848050549,1396988257,LM_a141_cableTempImbalance,2022-03-14
258,1647235683442,1524600080,-848050549,1396988257,LM_a141_cableTempImbalance,2022-03-14
259,1647235687843,1524600080,-848050549,1396988257,LM_a141_cableTempImbalance,2022-03-14
260,1647235703242,1524600080,-848050549,1396988257,LM_a141_cableTempImbalance,2022-03-14
261,1647235707542,1524600080,-848050549,1396988257,LM_a141_cableTempImbalance,2022-03-14
262,1647235713641,1524600080,-848050549,1396988257,LM_a141_cableTempImbalance,2022-03-14
263,1647235717041,1524600080,-848050549,1396988257,LM_a141_cableTempImbalance,2022-03-14
264,1647235726640,1524600080,-848050549,1396988257,LM_a141_cableTempImbalance,2022-03-14
265,1647236023227,1524600080,-848050549,1396988257,LM_a141_cableTempImbalance,2022-03-14
266,1647237981442,1524600080,-848050549,1396988257,LM_a141_cableTempImbalance,2022-03-14
267,1647238032340,1524600080,-848050549,1396988257,LM_a141_cableTempImbalance,2022-03-14
268,1647239174190,1524600080,-848050549,1396988257,LM_a141_cableTempImbalance,2022-03-14
269,1647239188190,1524600080,-848050549,1396988257,LM_a141_cableTempImbalance,2022-03-14
270,1647239200290,1524600080,-848050549,1396988257,LM_a141_cableTempImbalance,2022-03-14
271,1647239203390,1524600080,-848050549,1396988257,LM_a141_cableTempImbalance,2022-03-14
272,1647239205189,1524600080,-848050549,1396988257,LM_a141_cableTempImbalance,2022-03-14
273,1647239261088,1524600080,-848050549,1396988257,LM_a141_cableTempImbalance,2022-03-14
274,1647239266087,1524600080,-848050549,1396988257,LM_a141_cableTempImbalance,2022-03-14
275,1647239274387,1524600080,-848050549,1396988257,LM_a141_cableTempImbalance,2022-03-14
276,1647239276985,1524600080,-848050549,1396988257,LM_a141_cableTempImbalance,2022-03-14
277,1647239284186,1524600080,-848050549,1396988257,LM_a141_cableTempImbalance,2022-03-14
278,1647239289686,1524600080,-848050549,1396988257,LM_a141_cableTempImbalance,2022-03-14
279,1647239293185,1524600080,-848050549,1396988257,LM_a141_cableTempImbalance,2022-03-14
280,1647239337184,1524600080,-848050549,1396988257,LM_a141_cableTempImbalance,2022-03-14
281,1647239344582,1524600080,-848050549,1396988257,LM_a141_cableTempImbalance,2022-03-14
282,1647239396581,1524600080,-848050549,1396988257,LM_a141_cableTempImbalance,2022-03-14
283,1647241572486,1524600080,-848050549,1396988257,LM_a141_cableTempImbalance,2022-03-14
284,1647241573886,1524600080,-848050549,1396988257,LM_a141_cableTempImbalance,2022-03-14
285,1647241851175,1524600080,-848050549,1396988257,LM_a141_cableTempImbalance,2022-03-14
286,1647241896873,1524600080,-848050549,1396988257,LM_a141_cableTempImbalance,2022-03-14
287,1647241988969,1524600080,-848050549,1396988257,LM_a141_cableTempImbalance,2022-03-14
288,1647242010467,1524600080,-848050549,1396988257,LM_a141_cableTempImbalance,2022-03-14
289,1647242069065,1524600080,-848050549,1396988257,LM_a141_cableTempImbalance,2022-03-14
290,1647242410950,1524600080,-848050549,1396988257,LM_a141_cableTempImbalance,2022-03-14
291,1647242418450,1524600080,-848050549,1396988257,LM_a141_cableTempImbalance,2022-03-14
292,1647242424349,1524600080,-848050549,1396988257,LM_a141_cableTempImbalance,2022-03-14
293,1647242444248,1524600080,-848050549,1396988257,LM_a141_cableTempImbalance,2022-03-14
294,1647242454748,1524600080,-848050549,1396988257,LM_a141_cableTempImbalance,2022-03-14
295,1647242462548,1524600080,-848050549,1396988257,LM_a141_cableTempImbalance,2022-03-14
296,1647242472347,1524600080,-848050549,1396988257,LM_a141_cableTempImbalance,2022-03-14
297,1647242480647,1524600080,-848050549,1396988257,LM_a141_cableTempImbalance,2022-03-14
298,1647242483047,1524600080,-848050549,1396988257,LM_a141_cableTempImbalance,2022-03-14
299,1647242484747,1524600080,-848050549,1396988257,LM_a141_cableTempImbalance,2022-03-14
300,1647242515546,1524600080,-848050549,1396988257,LM_a141_cableTempImbalance,2022-03-14
301,1647242518846,1524600080,-848050549,1396988257,LM_a141_cableTempImbalance,2022-03-14
302,1647242529045,1524600080,-848050549,1396988257,LM_a141_cableTempImbalance,2022-03-14
303,1647242531844,1524600080,-848050549,1396988257,LM_a141_cableTempImbalance,2022-03-14
304,1647242534545,1524600080,-848050549,1396988257,LM_a141_cableTempImbalance,2022-03-14
305,1647242543345,1524600080,-848050549,1396988257,LM_a141_cableTempImbalance,2022-03-14
306,1647242545445,1524600080,-848050549,1396988257,LM_a141_cableTempImbalance,2022-03-14
307,1647242631140,1524600080,-848050549,1396988257,LM_a141_cableTempImbalance,2022-03-14
308,1647247936307,1524600080,-848050549,1396988257,LM_a141_cableTempImbalance,2022-03-14
309,1647247959607,1524600080,-848050549,1396988257,LM_a141_cableTempImbalance,2022-03-14
310,1647248224794,1524600080,-848050549,1396988257,LM_a141_cableTempImbalance,2022-03-14
311,1647248230993,1524600080,-848050549,1396988257,LM_a141_cableTempImbalance,2022-03-14
312,1647248244793,1524600080,-848050549,1396988257,LM_a141_cableTempImbalance,2022-03-14
313,1647248247993,1524600080,-848050549,1396988257,LM_a141_cableTempImbalance,2022-03-14
314,1647248249393,1524600080,-848050549,1396988257,LM_a141_cableTempImbalance,2022-03-14
315,1647248252294,1524600080,-848050549,1396988257,LM_a141_cableTempImbalance,2022-03-14
316,1647248287891,1524600080,-848050549,1396988257,LM_a141_cableTempImbalance,2022-03-14
317,1647248303091,1524600080,-848050549,1396988257,LM_a141_cableTempImbalance,2022-03-14
318,1647248307790,1524600080,-848050549,1396988257,LM_a141_cableTempImbalance,2022-03-14
319,1647248311190,1524600080,-848050549,1396988257,LM_a141_cableTempImbalance,2022-03-14
320,1647248362888,1524600080,-848050549,1396988257,LM_a141_cableTempImbalance,2022-03-14
321,1647248376188,1524600080,-848050549,1396988257,LM_a141_cableTempImbalance,2022-03-14
322,1647248382187,1524600080,-848050549,1396988257,LM_a141_cableTempImbalance,2022-03-14
323,1647248782969,1524600080,-848050549,1396988257,LM_a141_cableTempImbalance,2022-03-14
324,1647249415843,1524600080,-848050549,1396988257,LM_a141_cableTempImbalance,2022-03-14
325,1647253781059,1524600080,-848050549,1396988257,LM_a141_cableTempImbalance,2022-03-14
326,1647253784659,1524600080,-848050549,1396988257,LM_a141_cableTempImbalance,2022-03-14
327,1647253788259,1524600080,-848050549,1396988257,LM_a141_cableTempImbalance,2022-03-14
328,1647253852956,1524600080,-848050549,1396988257,LM_a141_cableTempImbalance,2022-03-14
329,1647253961753,1524600080,-848050549,1396988257,LM_a141_cableTempImbalance,2022-03-14
330,1647257011728,1524600080,-848050549,1396988257,LM_a141_cableTempImbalance,2022-03-14
331,1647257014847,1524600080,-848050549,1396988257,LM_a141_cableTempImbalance,2022-03-14
332,1647257019628,1524600080,-848050549,1396988257,LM_a141_cableTempImbalance,2022-03-14
333,1647257034928,1524600080,-848050549,1396988257,LM_a141_cableTempImbalance,2022-03-14
334,1647257061826,1524600080,-848050549,1396988257,LM_a141_cableTempImbalance,2022-03-14
335,1647257077326,1524600080,-848050549,1396988257,LM_a141_cableTempImbalance,2022-03-14
336,1647257078926,1524600080,-848050549,1396988257,LM_a141_cableTempImbalance,2022-03-14
337,1647257144223,1524600080,-848050549,1396988257,LM_a141_cableTempImbalance,2022-03-14
338,1647260632891,1524600080,-848050549,1396988257,LM_a141_cableTempImbalance,2022-03-14
339,1647260636791,1524600080,-848050549,1396988257,LM_a141_cableTempImbalance,2022-03-14
340,1647260640190,1524600080,-848050549,1396988257,LM_a141_cableTempImbalance,2022-03-14
341,1647260666288,1524600080,-848050549,1396988257,LM_a141_cableTempImbalance,2022-03-14
342,1647260673189,1524600080,-848050549,1396988257,LM_a141_cableTempImbalance,2022-03-14
343,1647260737087,1524600080,-848050549,1396988257,LM_a141_cableTempImbalance,2022-03-14
344,1647260738288,1524600080,-848050549,1396988257,LM_a141_cableTempImbalance,2022-03-14
345,1647260741387,1524600080,-848050549,1396988257,LM_a141_cableTempImbalance,2022-03-14
346,1647260750687,1524600080,-848050549,1396988257,LM_a141_cableTempImbalance,2022-03-14
347,1647260781685,1524600080,-848050549,1396988257,LM_a141_cableTempImbalance,2022-03-14
348,1647260784985,1524600080,-848050549,1396988257,LM_a141_cableTempImbalance,2022-03-14
349,1647260935178,1524600080,-848050549,1396988257,LM_a141_cableTempImbalance,2022-03-14
350,1647260938777,1524600080,-848050549,1396988257,LM_a141_cableTempImbalance,2022-03-14
351,1647260953678,1524600080,-848050549,1396988257,LM_a141_cableTempImbalance,2022-03-14
352,1647261089773,1524600080,-848050549,1396988257,LM_a141_cableTempImbalance,2022-03-14
353,1647261103672,1524600080,-848050549,1396988257,LM_a141_cableTempImbalance,2022-03-14
354,1647261117572,1524600080,-848050549,1396988257,LM_a141_cableTempImbalance,2022-03-14
355,1647261125170,1524600080,-848050549,1396988257,LM_a141_cableTempImbalance,2022-03-14
356,1647261128571,1524600080,-848050549,1396988257,LM_a141_cableTempImbalance,2022-03-14
357,1647261130871,1524600080,-848050549,1396988257,LM_a141_cableTempImbalance,2022-03-14
358,1647261142670,1524600080,-848050549,1396988257,LM_a141_cableTempImbalance,2022-03-14
359,1647261145070,1524600080,-848050549,1396988257,LM_a141_cableTempImbalance,2022-03-14
360,1647261148871,1524600080,-848050549,1396988257,LM_a141_cableTempImbalance,2022-03-14
361,1647261159769,1524600080,-848050549,1396988257,LM_a141_cableTempImbalance,2022-03-14
362,1647261161670,1524600080,-848050549,1396988257,LM_a141_cableTempImbalance,2022-03-14
363,1647261164269,1524600080,-848050549,1396988257,LM_a141_cableTempImbalance,2022-03-14
364,1647261171070,1524600080,-848050549,1396988257,LM_a141_cableTempImbalance,2022-03-14
365,1647261181469,1524600080,-848050549,1396988257,LM_a141_cableTempImbalance,2022-03-14
366,1647261201168,1524600080,-848050549,1396988257,LM_a141_cableTempImbalance,2022-03-14
367,1647261221867,1524600080,-848050549,1396988257,LM_a141_cableTempImbalance,2022-03-14
368,1647261225167,1524600080,-848050549,1396988257,LM_a141_cableTempImbalance,2022-03-14
369,1647261238666,1524600080,-848050549,1396988257,LM_a141_cableTempImbalance,2022-03-14
370,1647261240967,1524600080,-848050549,1396988257,LM_a141_cableTempImbalance,2022-03-14
371,1647261248867,1524600080,-848050549,1396988257,LM_a141_cableTempImbalance,2022-03-14
372,1647261255065,1524600080,-848050549,1396988257,LM_a141_cableTempImbalance,2022-03-14
373,1647269570548,1524600080,-848050549,1396988257,LM_a141_cableTempImbalance,2022-03-14
374,1647269576546,1524600080,-848050549,1396988257,LM_a141_cableTempImbalance,2022-03-14
375,1647269579846,1524600080,-848050549,1396988257,LM_a141_cableTempImbalance,2022-03-14
376,1647269581846,1524600080,-848050549,1396988257,LM_a141_cableTempImbalance,2022-03-14
377,1647269937832,1524600080,-848050549,1396988257,LM_a141_cableTempImbalance,2022-03-14
378,1647269946531,1524600080,-848050549,1396988257,LM_a141_cableTempImbalance,2022-03-14
379,1647269949531,1524600080,-848050549,1396988257,LM_a141_cableTempImbalance,2022-03-14
380,1647270014829,1524600080,-848050549,1396988257,LM_a141_cableTempImbalance,2022-03-14
381,1647270240520,1524600080,-848050549,1396988257,LM_a141_cableTempImbalance,2022-03-14
382,1647270254720,1524600080,-848050549,1396988257,LM_a141_cableTempImbalance,2022-03-14
383,1647270257918,1524600080,-848050549,1396988257,LM_a141_cableTempImbalance,2022-03-14
384,1647270259219,1524600080,-848050549,1396988257,LM_a141_cableTempImbalance,2022-03-14
385,1647270262219,1524600080,-848050549,1396988257,LM_a141_cableTempImbalance,2022-03-14
386,1647270281218,1524600080,-848050549,1396988257,LM_a141_cableTempImbalance,2022-03-14
387,1647270284418,1524600080,-848050549,1396988257,LM_a141_cableTempImbalance,2022-03-14
388,1647270289118,1524600080,-848050549,1396988257,LM_a141_cableTempImbalance,2022-03-14
389,1647270291819,1524600080,-848050549,1396988257,LM_a141_cableTempImbalance,2022-03-14
390,1647247957206,1524600080,-848050549,1396988257,LM_a188_negTempOT,2022-03-14
391,1647248243493,1524600080,-848050549,1396988257,LM_a188_negTempOT,2022-03-14
392,1647248248293,1524600080,-848050549,1396988257,LM_a188_negTempOT,2022-03-14
393,1647248306690,1524600080,-848050549,1396988257,LM_a188_negTempOT,2022-03-14
394,1647253783558,1524600080,-848050549,1396988257,LM_a188_negTempOT,2022-03-14
395,1647269945433,1524600080,-848050549,1396988257,LM_a188_negTempOT,2022-03-14
396,1647270253419,1524600080,-848050549,1396988257,LM_a188_negTempOT,2022-03-14
397,1647270258120,1524600080,-848050549,1396988257,LM_a188_negTempOT,2022-03-14
398,1647270283019,1524600080,-848050549,1396988257,LM_a188_negTempOT,2022-03-14
399,1647270287819,1524600080,-848050549,1396988257,LM_a188_negTempOT,2022-03-14
400,1647230742151,1524600080,-848050549,1396988257,LM_a191_negTempRationality,2022-03-14
401,1647230743352,1524600080,-848050549,1396988257,LM_a191_negTempRationality,2022-03-14
402,1647230744852,1524600080,-848050549,1396988257,LM_a191_negTempRationality,2022-03-14
403,1647230746352,1524600080,-848050549,1396988257,LM_a191_negTempRationality,2022-03-14
404,1647230748151,1524600080,-848050549,1396988257,LM_a191_negTempRationality,2022-03-14
405,1647230749252,1524600080,-848050549,1396988257,LM_a191_negTempRationality,2022-03-14
406,1647230753351,1524600080,-848050549,1396988257,LM_a191_negTempRationality,2022-03-14
407,1647230761450,1524600080,-848050549,1396988257,LM_a191_negTempRationality,2022-03-14
408,1647230777850,1524600080,-848050549,1396988257,LM_a191_negTempRationality,2022-03-14
409,1647230778949,1524600080,-848050549,1396988257,LM_a191_negTempRationality,2022-03-14
410,1647230828048,1524600080,-848050549,1396988257,LM_a191_negTempRationality,2022-03-14
411,1647230830047,1524600080,-848050549,1396988257,LM_a191_negTempRationality,2022-03-14
412,1647230832247,1524600080,-848050549,1396988257,LM_a191_negTempRationality,2022-03-14
413,1647230844247,1524600080,-848050549,1396988257,LM_a191_negTempRationality,2022-03-14
414,1647230845647,1524600080,-848050549,1396988257,LM_a191_negTempRationality,2022-03-14
415,1647231009340,1524600080,-848050549,1396988257,LM_a191_negTempRationality,2022-03-14
416,1647231034139,1524600080,-848050549,1396988257,LM_a191_negTempRationality,2022-03-14
417,1647231035740,1524600080,-848050549,1396988257,LM_a191_negTempRationality,2022-03-14
418,1647231056438,1524600080,-848050549,1396988257,LM_a191_negTempRationality,2022-03-14
419,1647231063139,1524600080,-848050549,1396988257,LM_a191_negTempRationality,2022-03-14
420,1647231252429,1524600080,-848050549,1396988257,LM_a191_negTempRationality,2022-03-14
421,1647231710110,1524600080,-848050549,1396988257,LM_a191_negTempRationality,2022-03-14
422,1647231711310,1524600080,-848050549,1396988257,LM_a191_negTempRationality,2022-03-14
423,1647231712612,1524600080,-848050549,1396988257,LM_a191_negTempRationality,2022-03-14
424,1647231993898,1524600080,-848050549,1396988257,LM_a191_negTempRationality,2022-03-14
425,1647231996098,1524600080,-848050549,1396988257,LM_a191_negTempRationality,2022-03-14
426,1647232001498,1524600080,-848050549,1396988257,LM_a191_negTempRationality,2022-03-14
427,1647232002598,1524600080,-848050549,1396988257,LM_a191_negTempRationality,2022-03-14
428,1647232017498,1524600080,-848050549,1396988257,LM_a191_negTempRationality,2022-03-14
429,1647232028397,1524600080,-848050549,1396988257,LM_a191_negTempRationality,2022-03-14
430,1647232030097,1524600080,-848050549,1396988257,LM_a191_negTempRationality,2022-03-14
431,1647232031697,1524600080,-848050549,1396988257,LM_a191_negTempRationality,2022-03-14
432,1647232036997,1524600080,-848050549,1396988257,LM_a191_negTempRationality,2022-03-14
433,1647232040396,1524600080,-848050549,1396988257,LM_a191_negTempRationality,2022-03-14
434,1647232043997,1524600080,-848050549,1396988257,LM_a191_negTempRationality,2022-03-14
435,1647232045296,1524600080,-848050549,1396988257,LM_a191_negTempRationality,2022-03-14
436,1647232046596,1524600080,-848050549,1396988257,LM_a191_negTempRationality,2022-03-14
437,1647232048996,1524600080,-848050549,1396988257,LM_a191_negTempRationality,2022-03-14
438,1647232050195,1524600080,-848050549,1396988257,LM_a191_negTempRationality,2022-03-14
439,1647232059696,1524600080,-848050549,1396988257,LM_a191_negTempRationality,2022-03-14
440,1647232070595,1524600080,-848050549,1396988257,LM_a191_negTempRationality,2022-03-14
441,1647232177091,1524600080,-848050549,1396988257,LM_a191_negTempRationality,2022-03-14
442,1647232181791,1524600080,-848050549,1396988257,LM_a191_negTempRationality,2022-03-14
443,1647232183091,1524600080,-848050549,1396988257,LM_a191_negTempRationality,2022-03-14
444,1647232184190,1524600080,-848050549,1396988257,LM_a191_negTempRationality,2022-03-14
445,1647232326684,1524600080,-848050549,1396988257,LM_a191_negTempRationality,2022-03-14
446,1647232329885,1524600080,-848050549,1396988257,LM_a191_negTempRationality,2022-03-14
447,1647232335984,1524600080,-848050549,1396988257,LM_a191_negTempRationality,2022-03-14
448,1647232339584,1524600080,-848050549,1396988257,LM_a191_negTempRationality,2022-03-14
449,1647232368683,1524600080,-848050549,1396988257,LM_a191_negTempRationality,2022-03-14
450,1647232369982,1524600080,-848050549,1396988257,LM_a191_negTempRationality,2022-03-14
451,1647232371983,1524600080,-848050549,1396988257,LM_a191_negTempRationality,2022-03-14
452,1647232373283,1524600080,-848050549,1396988257,LM_a191_negTempRationality,2022-03-14
453,1647232404082,1524600080,-848050549,1396988257,LM_a191_negTempRationality,2022-03-14
454,1647232406681,1524600080,-848050549,1396988257,LM_a191_negTempRationality,2022-03-14
455,1647232409282,1524600080,-848050549,1396988257,LM_a191_negTempRationality,2022-03-14
456,1647232413382,1524600080,-848050549,1396988257,LM_a191_negTempRationality,2022-03-14
457,1647232414681,1524600080,-848050549,1396988257,LM_a191_negTempRationality,2022-03-14
458,1647232418881,1524600080,-848050549,1396988257,LM_a191_negTempRationality,2022-03-14
459,1647232422482,1524600080,-848050549,1396988257,LM_a191_negTempRationality,2022-03-14
460,1647232427781,1524600080,-848050549,1396988257,LM_a191_negTempRationality,2022-03-14
461,1647232431181,1524600080,-848050549,1396988257,LM_a191_negTempRationality,2022-03-14
462,1647232434580,1524600080,-848050549,1396988257,LM_a191_negTempRationality,2022-03-14
463,1647232437080,1524600080,-848050549,1396988257,LM_a191_negTempRationality,2022-03-14
464,1647232440580,1524600080,-848050549,1396988257,LM_a191_negTempRationality,2022-03-14
465,1647232449580,1524600080,-848050549,1396988257,LM_a191_negTempRationality,2022-03-14
466,1647232451980,1524600080,-848050549,1396988257,LM_a191_negTempRationality,2022-03-14
467,1647232453580,1524600080,-848050549,1396988257,LM_a191_negTempRationality,2022-03-14
468,1647232456179,1524600080,-848050549,1396988257,LM_a191_negTempRationality,2022-03-14
469,1647232460078,1524600080,-848050549,1396988257,LM_a191_negTempRationality,2022-03-14
470,1647232461379,1524600080,-848050549,1396988257,LM_a191_negTempRationality,2022-03-14
471,1647232470579,1524600080,-848050549,1396988257,LM_a191_negTempRationality,2022-03-14
472,1647232483578,1524600080,-848050549,1396988257,LM_a191_negTempRationality,2022-03-14
473,1647232486679,1524600080,-848050549,1396988257,LM_a191_negTempRationality,2022-03-14
474,1647232491578,1524600080,-848050549,1396988257,LM_a191_negTempRationality,2022-03-14
475,1647232493478,1524600080,-848050549,1396988257,LM_a191_negTempRationality,2022-03-14
476,1647232505978,1524600080,-848050549,1396988257,LM_a191_negTempRationality,2022-03-14
477,1647232509977,1524600080,-848050549,1396988257,LM_a191_negTempRationality,2022-03-14
478,1647232534877,1524600080,-848050549,1396988257,LM_a191_negTempRationality,2022-03-14
479,1647232549076,1524600080,-848050549,1396988257,LM_a191_negTempRationality,2022-03-14
480,1647232554975,1524600080,-848050549,1396988257,LM_a191_negTempRationality,2022-03-14
481,1647232557375,1524600080,-848050549,1396988257,LM_a191_negTempRationality,2022-03-14
482,1647232558476,1524600080,-848050549,1396988257,LM_a191_negTempRationality,2022-03-14
483,1647232561675,1524600080,-848050549,1396988257,LM_a191_negTempRationality,2022-03-14
484,1647232590474,1524600080,-848050549,1396988257,LM_a191_negTempRationality,2022-03-14
485,1647232591574,1524600080,-848050549,1396988257,LM_a191_negTempRationality,2022-03-14
486,1647233242846,1524600080,-848050549,1396988257,LM_a191_negTempRationality,2022-03-14
487,1647233247546,1524600080,-848050549,1396988257,LM_a191_negTempRationality,2022-03-14
488,1647233703927,1524600080,-848050549,1396988257,LM_a191_negTempRationality,2022-03-14
489,1647233705027,1524600080,-848050549,1396988257,LM_a191_negTempRationality,2022-03-14
490,1647233849620,1524600080,-848050549,1396988257,LM_a191_negTempRationality,2022-03-14
491,1647233850722,1524600080,-848050549,1396988257,LM_a191_negTempRationality,2022-03-14
492,1647234322202,1524600080,-848050549,1396988257,LM_a191_negTempRationality,2022-03-14
493,1647234326501,1524600080,-848050549,1396988257,LM_a191_negTempRationality,2022-03-14
494,1647234354700,1524600080,-848050549,1396988257,LM_a191_negTempRationality,2022-03-14
495,1647234356500,1524600080,-848050549,1396988257,LM_a191_negTempRationality,2022-03-14
496,1647234359301,1524600080,-848050549,1396988257,LM_a191_negTempRationality,2022-03-14
497,1647234381199,1524600080,-848050549,1396988257,LM_a191_negTempRationality,2022-03-14
498,1647234388999,1524600080,-848050549,1396988257,LM_a191_negTempRationality,2022-03-14
499,1647234390099,1524600080,-848050549,1396988257,LM_a191_negTempRationality,2022-03-14
500,1647234394398,1524600080,-848050549,1396988257,LM_a191_negTempRationality,2022-03-14
501,1647234463595,1524600080,-848050549,1396988257,LM_a191_negTempRationality,2022-03-14
502,1647234466595,1524600080,-848050549,1396988257,LM_a191_negTempRationality,2022-03-14
503,1647234503895,1524600080,-848050549,1396988257,LM_a191_negTempRationality,2022-03-14
504,1647234555791,1524600080,-848050549,1396988257,LM_a191_negTempRationality,2022-03-14
505,1647234564291,1524600080,-848050549,1396988257,LM_a191_negTempRationality,2022-03-14
506,1647234576590,1524600080,-848050549,1396988257,LM_a191_negTempRationality,2022-03-14
507,1647234579290,1524600080,-848050549,1396988257,LM_a191_negTempRationality,2022-03-14
508,1647234580490,1524600080,-848050549,1396988257,LM_a191_negTempRationality,2022-03-14
509,1647234582790,1524600080,-848050549,1396988257,LM_a191_negTempRationality,2022-03-14
510,1647234586390,1524600080,-848050549,1396988257,LM_a191_negTempRationality,2022-03-14
511,1647234623788,1524600080,-848050549,1396988257,LM_a191_negTempRationality,2022-03-14
512,1647234625389,1524600080,-848050549,1396988257,LM_a191_negTempRationality,2022-03-14
513,1647234627989,1524600080,-848050549,1396988257,LM_a191_negTempRationality,2022-03-14
514,1647234630289,1524600080,-848050549,1396988257,LM_a191_negTempRationality,2022-03-14
515,1647234632589,1524600080,-848050549,1396988257,LM_a191_negTempRationality,2022-03-14
516,1647234636089,1524600080,-848050549,1396988257,LM_a191_negTempRationality,2022-03-14
517,1647234637588,1524600080,-848050549,1396988257,LM_a191_negTempRationality,2022-03-14
518,1647234643887,1524600080,-848050549,1396988257,LM_a191_negTempRationality,2022-03-14
519,1647234649088,1524600080,-848050549,1396988257,LM_a191_negTempRationality,2022-03-14
520,1647234652288,1524600080,-848050549,1396988257,LM_a191_negTempRationality,2022-03-14
521,1647234657288,1524600080,-848050549,1396988257,LM_a191_negTempRationality,2022-03-14
522,1647234661687,1524600080,-848050549,1396988257,LM_a191_negTempRationality,2022-03-14
523,1647234664187,1524600080,-848050549,1396988257,LM_a191_negTempRationality,2022-03-14
524,1647234666287,1524600080,-848050549,1396988257,LM_a191_negTempRationality,2022-03-14
525,1647234667487,1524600080,-848050549,1396988257,LM_a191_negTempRationality,2022-03-14
526,1647234671287,1524600080,-848050549,1396988257,LM_a191_negTempRationality,2022-03-14
527,1647234676286,1524600080,-848050549,1396988257,LM_a191_negTempRationality,2022-03-14
528,1647234678987,1524600080,-848050549,1396988257,LM_a191_negTempRationality,2022-03-14
529,1647234690486,1524600080,-848050549,1396988257,LM_a191_negTempRationality,2022-03-14
530,1647234691886,1524600080,-848050549,1396988257,LM_a191_negTempRationality,2022-03-14
531,1647234701385,1524600080,-848050549,1396988257,LM_a191_negTempRationality,2022-03-14
532,1647234708985,1524600080,-848050549,1396988257,LM_a191_negTempRationality,2022-03-14
533,1647234716785,1524600080,-848050549,1396988257,LM_a191_negTempRationality,2022-03-14
534,1647234730084,1524600080,-848050549,1396988257,LM_a191_negTempRationality,2022-03-14
535,1647234732984,1524600080,-848050549,1396988257,LM_a191_negTempRationality,2022-03-14
536,1647234770482,1524600080,-848050549,1396988257,LM_a191_negTempRationality,2022-03-14
537,1647234773082,1524600080,-848050549,1396988257,LM_a191_negTempRationality,2022-03-14
538,1647234777282,1524600080,-848050549,1396988257,LM_a191_negTempRationality,2022-03-14
539,1647234796481,1524600080,-848050549,1396988257,LM_a191_negTempRationality,2022-03-14
540,1647234805181,1524600080,-848050549,1396988257,LM_a191_negTempRationality,2022-03-14
541,1647234820180,1524600080,-848050549,1396988257,LM_a191_negTempRationality,2022-03-14
542,1647234824681,1524600080,-848050549,1396988257,LM_a191_negTempRationality,2022-03-14
543,1647234828480,1524600080,-848050549,1396988257,LM_a191_negTempRationality,2022-03-14
544,1647234844079,1524600080,-848050549,1396988257,LM_a191_negTempRationality,2022-03-14
545,1647234850878,1524600080,-848050549,1396988257,LM_a191_negTempRationality,2022-03-14
546,1647234853079,1524600080,-848050549,1396988257,LM_a191_negTempRationality,2022-03-14
547,1647234854178,1524600080,-848050549,1396988257,LM_a191_negTempRationality,2022-03-14
548,1647234874078,1524600080,-848050549,1396988257,LM_a191_negTempRationality,2022-03-14
549,1647234878677,1524600080,-848050549,1396988257,LM_a191_negTempRationality,2022-03-14
550,1647234884077,1524600080,-848050549,1396988257,LM_a191_negTempRationality,2022-03-14
551,1647234898376,1524600080,-848050549,1396988257,LM_a191_negTempRationality,2022-03-14
552,1647235638044,1524600080,-848050549,1396988257,LM_a191_negTempRationality,2022-03-14
553,1647235639244,1524600080,-848050549,1396988257,LM_a191_negTempRationality,2022-03-14
554,1647235687843,1524600080,-848050549,1396988257,LM_a191_negTempRationality,2022-03-14
555,1647235702142,1524600080,-848050549,1396988257,LM_a191_negTempRationality,2022-03-14
556,1647235703242,1524600080,-848050549,1396988257,LM_a191_negTempRationality,2022-03-14
557,1647235705141,1524600080,-848050549,1396988257,LM_a191_negTempRationality,2022-03-14
558,1647235710341,1524600080,-848050549,1396988257,LM_a191_negTempRationality,2022-03-14
559,1647235714541,1524600080,-848050549,1396988257,LM_a191_negTempRationality,2022-03-14
560,1647235719541,1524600080,-848050549,1396988257,LM_a191_negTempRationality,2022-03-14
561,1647235721041,1524600080,-848050549,1396988257,LM_a191_negTempRationality,2022-03-14
562,1647235722741,1524600080,-848050549,1396988257,LM_a191_negTempRationality,2022-03-14
563,1647235725441,1524600080,-848050549,1396988257,LM_a191_negTempRationality,2022-03-14
564,1647235726640,1524600080,-848050549,1396988257,LM_a191_negTempRationality,2022-03-14
565,1647235731040,1524600080,-848050549,1396988257,LM_a191_negTempRationality,2022-03-14
566,1647236016428,1524600080,-848050549,1396988257,LM_a191_negTempRationality,2022-03-14
567,1647236017628,1524600080,-848050549,1396988257,LM_a191_negTempRationality,2022-03-14
568,1647236027327,1524600080,-848050549,1396988257,LM_a191_negTempRationality,2022-03-14
569,1647236028827,1524600080,-848050549,1396988257,LM_a191_negTempRationality,2022-03-14
570,1647236032427,1524600080,-848050549,1396988257,LM_a191_negTempRationality,2022-03-14
571,1647237984442,1524600080,-848050549,1396988257,LM_a191_negTempRationality,2022-03-14
572,1647237985543,1524600080,-848050549,1396988257,LM_a191_negTempRationality,2022-03-14
573,1647238080138,1524600080,-848050549,1396988257,LM_a191_negTempRationality,2022-03-14
574,1647238081939,1524600080,-848050549,1396988257,LM_a191_negTempRationality,2022-03-14
575,1647239135693,1524600080,-848050549,1396988257,LM_a191_negTempRationality,2022-03-14
576,1647239152091,1524600080,-848050549,1396988257,LM_a191_negTempRationality,2022-03-14
577,1647239164591,1524600080,-848050549,1396988257,LM_a191_negTempRationality,2022-03-14
578,1647239171490,1524600080,-848050549,1396988257,LM_a191_negTempRationality,2022-03-14
579,1647239175790,1524600080,-848050549,1396988257,LM_a191_negTempRationality,2022-03-14
580,1647239183390,1524600080,-848050549,1396988257,LM_a191_negTempRationality,2022-03-14
581,1647239189289,1524600080,-848050549,1396988257,LM_a191_negTempRationality,2022-03-14
582,1647239193490,1524600080,-848050549,1396988257,LM_a191_negTempRationality,2022-03-14
583,1647239195090,1524600080,-848050549,1396988257,LM_a191_negTempRationality,2022-03-14
584,1647239200290,1524600080,-848050549,1396988257,LM_a191_negTempRationality,2022-03-14
585,1647239202190,1524600080,-848050549,1396988257,LM_a191_negTempRationality,2022-03-14
586,1647239204390,1524600080,-848050549,1396988257,LM_a191_negTempRationality,2022-03-14
587,1647239206589,1524600080,-848050549,1396988257,LM_a191_negTempRationality,2022-03-14
588,1647239258887,1524600080,-848050549,1396988257,LM_a191_negTempRationality,2022-03-14
589,1647239262587,1524600080,-848050549,1396988257,LM_a191_negTempRationality,2022-03-14
590,1647239270387,1524600080,-848050549,1396988257,LM_a191_negTempRationality,2022-03-14
591,1647239271787,1524600080,-848050549,1396988257,LM_a191_negTempRationality,2022-03-14
592,1647239276386,1524600080,-848050549,1396988257,LM_a191_negTempRationality,2022-03-14
593,1647239279186,1524600080,-848050549,1396988257,LM_a191_negTempRationality,2022-03-14
594,1647239280886,1524600080,-848050549,1396988257,LM_a191_negTempRationality,2022-03-14
595,1647239282385,1524600080,-848050549,1396988257,LM_a191_negTempRationality,2022-03-14
596,1647239283586,1524600080,-848050549,1396988257,LM_a191_negTempRationality,2022-03-14
597,1647239285986,1524600080,-848050549,1396988257,LM_a191_negTempRationality,2022-03-14
598,1647239289086,1524600080,-848050549,1396988257,LM_a191_negTempRationality,2022-03-14
599,1647239290785,1524600080,-848050549,1396988257,LM_a191_negTempRationality,2022-03-14
600,1647239291785,1524600080,-848050549,1396988257,LM_a191_negTempRationality,2022-03-14
601,1647239293784,1524600080,-848050549,1396988257,LM_a191_negTempRationality,2022-03-14
602,1647239299185,1524600080,-848050549,1396988257,LM_a191_negTempRationality,2022-03-14
603,1647239323784,1524600080,-848050549,1396988257,LM_a191_negTempRationality,2022-03-14
604,1647239341583,1524600080,-848050549,1396988257,LM_a191_negTempRationality,2022-03-14
605,1647239367582,1524600080,-848050549,1396988257,LM_a191_negTempRationality,2022-03-14
606,1647239371482,1524600080,-848050549,1396988257,LM_a191_negTempRationality,2022-03-14
607,1647239374781,1524600080,-848050549,1396988257,LM_a191_negTempRationality,2022-03-14
608,1647239382982,1524600080,-848050549,1396988257,LM_a191_negTempRationality,2022-03-14
609,1647239385882,1524600080,-848050549,1396988257,LM_a191_negTempRationality,2022-03-14
610,1647239390082,1524600080,-848050549,1396988257,LM_a191_negTempRationality,2022-03-14
611,1647239393781,1524600080,-848050549,1396988257,LM_a191_negTempRationality,2022-03-14
612,1647239395981,1524600080,-848050549,1396988257,LM_a191_negTempRationality,2022-03-14
613,1647239399682,1524600080,-848050549,1396988257,LM_a191_negTempRationality,2022-03-14
614,1647239401881,1524600080,-848050549,1396988257,LM_a191_negTempRationality,2022-03-14
615,1647241572686,1524600080,-848050549,1396988257,LM_a191_negTempRationality,2022-03-14
616,1647241573886,1524600080,-848050549,1396988257,LM_a191_negTempRationality,2022-03-14
617,1647241577786,1524600080,-848050549,1396988257,LM_a191_negTempRationality,2022-03-14
618,1647241578986,1524600080,-848050549,1396988257,LM_a191_negTempRationality,2022-03-14
619,1647241778478,1524600080,-848050549,1396988257,LM_a191_negTempRationality,2022-03-14
620,1647241779678,1524600080,-848050549,1396988257,LM_a191_negTempRationality,2022-03-14
621,1647241781478,1524600080,-848050549,1396988257,LM_a191_negTempRationality,2022-03-14
622,1647241816075,1524600080,-848050549,1396988257,LM_a191_negTempRationality,2022-03-14
623,1647241851175,1524600080,-848050549,1396988257,LM_a191_negTempRationality,2022-03-14
624,1647241852775,1524600080,-848050549,1396988257,LM_a191_negTempRationality,2022-03-14
625,1647241878674,1524600080,-848050549,1396988257,LM_a191_negTempRationality,2022-03-14
626,1647241897973,1524600080,-848050549,1396988257,LM_a191_negTempRationality,2022-03-14
627,1647241987568,1524600080,-848050549,1396988257,LM_a191_negTempRationality,2022-03-14
628,1647241989969,1524600080,-848050549,1396988257,LM_a191_negTempRationality,2022-03-14
629,1647241992170,1524600080,-848050549,1396988257,LM_a191_negTempRationality,2022-03-14
630,1647242005168,1524600080,-848050549,1396988257,LM_a191_negTempRationality,2022-03-14
631,1647242010467,1524600080,-848050549,1396988257,LM_a191_negTempRationality,2022-03-14
632,1647242011768,1524600080,-848050549,1396988257,LM_a191_negTempRationality,2022-03-14
633,1647242029968,1524600080,-848050549,1396988257,LM_a191_negTempRationality,2022-03-14
634,1647242041468,1524600080,-848050549,1396988257,LM_a191_negTempRationality,2022-03-14
635,1647242049467,1524600080,-848050549,1396988257,LM_a191_negTempRationality,2022-03-14
636,1647242064365,1524600080,-848050549,1396988257,LM_a191_negTempRationality,2022-03-14
637,1647242067266,1524600080,-848050549,1396988257,LM_a191_negTempRationality,2022-03-14
638,1647242071966,1524600080,-848050549,1396988257,LM_a191_negTempRationality,2022-03-14
639,1647242075666,1524600080,-848050549,1396988257,LM_a191_negTempRationality,2022-03-14
640,1647242083465,1524600080,-848050549,1396988257,LM_a191_negTempRationality,2022-03-14
641,1647242088165,1524600080,-848050549,1396988257,LM_a191_negTempRationality,2022-03-14
642,1647242092365,1524600080,-848050549,1396988257,LM_a191_negTempRationality,2022-03-14
643,1647242197960,1524600080,-848050549,1396988257,LM_a191_negTempRationality,2022-03-14
644,1647242199160,1524600080,-848050549,1396988257,LM_a191_negTempRationality,2022-03-14
645,1647242244657,1524600080,-848050549,1396988257,LM_a191_negTempRationality,2022-03-14
646,1647242252656,1524600080,-848050549,1396988257,LM_a191_negTempRationality,2022-03-14
647,1647242257656,1524600080,-848050549,1396988257,LM_a191_negTempRationality,2022-03-14
648,1647242271356,1524600080,-848050549,1396988257,LM_a191_negTempRationality,2022-03-14
649,1647242343553,1524600080,-848050549,1396988257,LM_a191_negTempRationality,2022-03-14
650,1647242345954,1524600080,-848050549,1396988257,LM_a191_negTempRationality,2022-03-14
651,1647242349354,1524600080,-848050549,1396988257,LM_a191_negTempRationality,2022-03-14
652,1647242401852,1524600080,-848050549,1396988257,LM_a191_negTempRationality,2022-03-14
653,1647242409251,1524600080,-848050549,1396988257,LM_a191_negTempRationality,2022-03-14
654,1647242412250,1524600080,-848050549,1396988257,LM_a191_negTempRationality,2022-03-14
655,1647242417350,1524600080,-848050549,1396988257,LM_a191_negTempRationality,2022-03-14
656,1647242421250,1524600080,-848050549,1396988257,LM_a191_negTempRationality,2022-03-14
657,1647242423649,1524600080,-848050549,1396988257,LM_a191_negTempRationality,2022-03-14
658,1647242426550,1524600080,-848050549,1396988257,LM_a191_negTempRationality,2022-03-14
659,1647242427749,1524600080,-848050549,1396988257,LM_a191_negTempRationality,2022-03-14
660,1647242446348,1524600080,-848050549,1396988257,LM_a191_negTempRationality,2022-03-14
661,1647242454049,1524600080,-848050549,1396988257,LM_a191_negTempRationality,2022-03-14
662,1647242457548,1524600080,-848050549,1396988257,LM_a191_negTempRationality,2022-03-14
663,1647242460647,1524600080,-848050549,1396988257,LM_a191_negTempRationality,2022-03-14
664,1647242469450,1524600080,-848050549,1396988257,LM_a191_negTempRationality,2022-03-14
665,1647242472347,1524600080,-848050549,1396988257,LM_a191_negTempRationality,2022-03-14
666,1647242474047,1524600080,-848050549,1396988257,LM_a191_negTempRationality,2022-03-14
667,1647242478748,1524600080,-848050549,1396988257,LM_a191_negTempRationality,2022-03-14
668,1647242482347,1524600080,-848050549,1396988257,LM_a191_negTempRationality,2022-03-14
669,1647242484747,1524600080,-848050549,1396988257,LM_a191_negTempRationality,2022-03-14
670,1647242486548,1524600080,-848050549,1396988257,LM_a191_negTempRationality,2022-03-14
671,1647242514146,1524600080,-848050549,1396988257,LM_a191_negTempRationality,2022-03-14
672,1647242517045,1524600080,-848050549,1396988257,LM_a191_negTempRationality,2022-03-14
673,1647242518451,1524600080,-848050549,1396988257,LM_a191_negTempRationality,2022-03-14
674,1647242520145,1524600080,-848050549,1396988257,LM_a191_negTempRationality,2022-03-14
675,1647242521545,1524600080,-848050549,1396988257,LM_a191_negTempRationality,2022-03-14
676,1647242523245,1524600080,-848050549,1396988257,LM_a191_negTempRationality,2022-03-14
677,1647242530745,1524600080,-848050549,1396988257,LM_a191_negTempRationality,2022-03-14
678,1647242531844,1524600080,-848050549,1396988257,LM_a191_negTempRationality,2022-03-14
679,1647242534545,1524600080,-848050549,1396988257,LM_a191_negTempRationality,2022-03-14
680,1647242540244,1524600080,-848050549,1396988257,LM_a191_negTempRationality,2022-03-14
681,1647242542145,1524600080,-848050549,1396988257,LM_a191_negTempRationality,2022-03-14
682,1647242543345,1524600080,-848050549,1396988257,LM_a191_negTempRationality,2022-03-14
683,1647242545445,1524600080,-848050549,1396988257,LM_a191_negTempRationality,2022-03-14
684,1647242624740,1524600080,-848050549,1396988257,LM_a191_negTempRationality,2022-03-14
685,1647248245893,1524600080,-848050549,1396988257,LM_a191_negTempRationality,2022-03-14
686,1647248250493,1524600080,-848050549,1396988257,LM_a191_negTempRationality,2022-03-14
687,1647248308891,1524600080,-848050549,1396988257,LM_a191_negTempRationality,2022-03-14
688,1647248312491,1524600080,-848050549,1396988257,LM_a191_negTempRationality,2022-03-14
689,1647248355388,1524600080,-848050549,1396988257,LM_a191_negTempRationality,2022-03-14
690,1647248362788,1524600080,-848050549,1396988257,LM_a191_negTempRationality,2022-03-14
691,1647248364088,1524600080,-848050549,1396988257,LM_a191_negTempRationality,2022-03-14
692,1647248365388,1524600080,-848050549,1396988257,LM_a191_negTempRationality,2022-03-14
693,1647248380288,1524600080,-848050549,1396988257,LM_a191_negTempRationality,2022-03-14
694,1647253785758,1524600080,-848050549,1396988257,LM_a191_negTempRationality,2022-03-14
695,1647253789358,1524600080,-848050549,1396988257,LM_a191_negTempRationality,2022-03-14
696,1647253862056,1524600080,-848050549,1396988257,LM_a191_negTempRationality,2022-03-14
697,1647257001929,1524600080,-848050549,1396988257,LM_a191_negTempRationality,2022-03-14
698,1647257005628,1524600080,-848050549,1396988257,LM_a191_negTempRationality,2022-03-14
699,1647257006828,1524600080,-848050549,1396988257,LM_a191_negTempRationality,2022-03-14
700,1647257011229,1524600080,-848050549,1396988257,LM_a191_negTempRationality,2022-03-14
701,1647257013628,1524600080,-848050549,1396988257,LM_a191_negTempRationality,2022-03-14
702,1647257015529,1524600080,-848050549,1396988257,LM_a191_negTempRationality,2022-03-14
703,1647257018629,1524600080,-848050549,1396988257,LM_a191_negTempRationality,2022-03-14
704,1647257031528,1524600080,-848050549,1396988257,LM_a191_negTempRationality,2022-03-14
705,1647257032648,1524600080,-848050549,1396988257,LM_a191_negTempRationality,2022-03-14
706,1647257050527,1524600080,-848050549,1396988257,LM_a191_negTempRationality,2022-03-14
707,1647257051727,1524600080,-848050549,1396988257,LM_a191_negTempRationality,2022-03-14
708,1647257075526,1524600080,-848050549,1396988257,LM_a191_negTempRationality,2022-03-14
709,1647257077726,1524600080,-848050549,1396988257,LM_a191_negTempRationality,2022-03-14
710,1647257078926,1524600080,-848050549,1396988257,LM_a191_negTempRationality,2022-03-14
711,1647257080125,1524600080,-848050549,1396988257,LM_a191_negTempRationality,2022-03-14
712,1647257085325,1524600080,-848050549,1396988257,LM_a191_negTempRationality,2022-03-14
713,1647257106924,1524600080,-848050549,1396988257,LM_a191_negTempRationality,2022-03-14
714,1647260396199,1524600080,-848050549,1396988257,LM_a191_negTempRationality,2022-03-14
715,1647260411898,1524600080,-848050549,1396988257,LM_a191_negTempRationality,2022-03-14
716,1647260423898,1524600080,-848050549,1396988257,LM_a191_negTempRationality,2022-03-14
717,1647260450096,1524600080,-848050549,1396988257,LM_a191_negTempRationality,2022-03-14
718,1647260452997,1524600080,-848050549,1396988257,LM_a191_negTempRationality,2022-03-14
719,1647260465396,1524600080,-848050549,1396988257,LM_a191_negTempRationality,2022-03-14
720,1647260471696,1524600080,-848050549,1396988257,LM_a191_negTempRationality,2022-03-14
721,1647260473296,1524600080,-848050549,1396988257,LM_a191_negTempRationality,2022-03-14
722,1647260484796,1524600080,-848050549,1396988257,LM_a191_negTempRationality,2022-03-14
723,1647260610790,1524600080,-848050549,1396988257,LM_a191_negTempRationality,2022-03-14
724,1647260616992,1524600080,-848050549,1396988257,LM_a191_negTempRationality,2022-03-14
725,1647260625190,1524600080,-848050549,1396988257,LM_a191_negTempRationality,2022-03-14
726,1647260632891,1524600080,-848050549,1396988257,LM_a191_negTempRationality,2022-03-14
727,1647260634590,1524600080,-848050549,1396988257,LM_a191_negTempRationality,2022-03-14
728,1647260638190,1524600080,-848050549,1396988257,LM_a191_negTempRationality,2022-03-14
729,1647260641890,1524600080,-848050549,1396988257,LM_a191_negTempRationality,2022-03-14
730,1647260647590,1524600080,-848050549,1396988257,LM_a191_negTempRationality,2022-03-14
731,1647260652789,1524600080,-848050549,1396988257,LM_a191_negTempRationality,2022-03-14
732,1647260655890,1524600080,-848050549,1396988257,LM_a191_negTempRationality,2022-03-14
733,1647260669589,1524600080,-848050549,1396988257,LM_a191_negTempRationality,2022-03-14
734,1647260671489,1524600080,-848050549,1396988257,LM_a191_negTempRationality,2022-03-14
735,1647260674988,1524600080,-848050549,1396988257,LM_a191_negTempRationality,2022-03-14
736,1647260676888,1524600080,-848050549,1396988257,LM_a191_negTempRationality,2022-03-14
737,1647260687289,1524600080,-848050549,1396988257,LM_a191_negTempRationality,2022-03-14
738,1647260707688,1524600080,-848050549,1396988257,LM_a191_negTempRationality,2022-03-14
739,1647260711387,1524600080,-848050549,1396988257,LM_a191_negTempRationality,2022-03-14
740,1647260726787,1524600080,-848050549,1396988257,LM_a191_negTempRationality,2022-03-14
741,1647260738288,1524600080,-848050549,1396988257,LM_a191_negTempRationality,2022-03-14
742,1647260741387,1524600080,-848050549,1396988257,LM_a191_negTempRationality,2022-03-14
743,1647260744687,1524600080,-848050549,1396988257,LM_a191_negTempRationality,2022-03-14
744,1647260746886,1524600080,-848050549,1396988257,LM_a191_negTempRationality,2022-03-14
745,1647260749086,1524600080,-848050549,1396988257,LM_a191_negTempRationality,2022-03-14
746,1647260772585,1524600080,-848050549,1396988257,LM_a191_negTempRationality,2022-03-14
747,1647260778185,1524600080,-848050549,1396988257,LM_a191_negTempRationality,2022-03-14
748,1647260780685,1524600080,-848050549,1396988257,LM_a191_negTempRationality,2022-03-14
749,1647260784985,1524600080,-848050549,1396988257,LM_a191_negTempRationality,2022-03-14
750,1647260791885,1524600080,-848050549,1396988257,LM_a191_negTempRationality,2022-03-14
751,1647260794484,1524600080,-848050549,1396988257,LM_a191_negTempRationality,2022-03-14
752,1647260926478,1524600080,-848050549,1396988257,LM_a191_negTempRationality,2022-03-14
753,1647260932278,1524600080,-848050549,1396988257,LM_a191_negTempRationality,2022-03-14
754,1647260937477,1524600080,-848050549,1396988257,LM_a191_negTempRationality,2022-03-14
755,1647260943677,1524600080,-848050549,1396988257,LM_a191_negTempRationality,2022-03-14
756,1647260949878,1524600080,-848050549,1396988257,LM_a191_negTempRationality,2022-03-14
757,1647260951078,1524600080,-848050549,1396988257,LM_a191_negTempRationality,2022-03-14
758,1647260960077,1524600080,-848050549,1396988257,LM_a191_negTempRationality,2022-03-14
759,1647260977577,1524600080,-848050549,1396988257,LM_a191_negTempRationality,2022-03-14
760,1647260981476,1524600080,-848050549,1396988257,LM_a191_negTempRationality,2022-03-14
761,1647260983776,1524600080,-848050549,1396988257,LM_a191_negTempRationality,2022-03-14
762,1647261082573,1524600080,-848050549,1396988257,LM_a191_negTempRationality,2022-03-14
763,1647261083673,1524600080,-848050549,1396988257,LM_a191_negTempRationality,2022-03-14
764,1647261092972,1524600080,-848050549,1396988257,LM_a191_negTempRationality,2022-03-14
765,1647261094272,1524600080,-848050549,1396988257,LM_a191_negTempRationality,2022-03-14
766,1647261100772,1524600080,-848050549,1396988257,LM_a191_negTempRationality,2022-03-14
767,1647261103672,1524600080,-848050549,1396988257,LM_a191_negTempRationality,2022-03-14
768,1647261106171,1524600080,-848050549,1396988257,LM_a191_negTempRationality,2022-03-14
769,1647261108871,1524600080,-848050549,1396988257,LM_a191_negTempRationality,2022-03-14
770,1647261111372,1524600080,-848050549,1396988257,LM_a191_negTempRationality,2022-03-14
771,1647261116972,1524600080,-848050549,1396988257,LM_a191_negTempRationality,2022-03-14
772,1647261119971,1524600080,-848050549,1396988257,LM_a191_negTempRationality,2022-03-14
773,1647261123971,1524600080,-848050549,1396988257,LM_a191_negTempRationality,2022-03-14
774,1647261127571,1524600080,-848050549,1396988257,LM_a191_negTempRationality,2022-03-14
775,1647261130172,1524600080,-848050549,1396988257,LM_a191_negTempRationality,2022-03-14
776,1647261131272,1524600080,-848050549,1396988257,LM_a191_negTempRationality,2022-03-14
777,1647261132371,1524600080,-848050549,1396988257,LM_a191_negTempRationality,2022-03-14
778,1647261139570,1524600080,-848050549,1396988257,LM_a191_negTempRationality,2022-03-14
779,1647261143870,1524600080,-848050549,1396988257,LM_a191_negTempRationality,2022-03-14
780,1647261146170,1524600080,-848050549,1396988257,LM_a191_negTempRationality,2022-03-14
781,1647261148871,1524600080,-848050549,1396988257,LM_a191_negTempRationality,2022-03-14
782,1647261149970,1524600080,-848050549,1396988257,LM_a191_negTempRationality,2022-03-14
783,1647261160869,1524600080,-848050549,1396988257,LM_a191_negTempRationality,2022-03-14
784,1647261163370,1524600080,-848050549,1396988257,LM_a191_negTempRationality,2022-03-14
785,1647261169269,1524600080,-848050549,1396988257,LM_a191_negTempRationality,2022-03-14
786,1647261170369,1524600080,-848050549,1396988257,LM_a191_negTempRationality,2022-03-14
787,1647261172569,1524600080,-848050549,1396988257,LM_a191_negTempRationality,2022-03-14
788,1647261177070,1524600080,-848050549,1396988257,LM_a191_negTempRationality,2022-03-14
789,1647261179868,1524600080,-848050549,1396988257,LM_a191_negTempRationality,2022-03-14
790,1647261189168,1524600080,-848050549,1396988257,LM_a191_negTempRationality,2022-03-14
791,1647261192169,1524600080,-848050549,1396988257,LM_a191_negTempRationality,2022-03-14
792,1647261194868,1524600080,-848050549,1396988257,LM_a191_negTempRationality,2022-03-14
793,1647261199467,1524600080,-848050549,1396988257,LM_a191_negTempRationality,2022-03-14
794,1647261201168,1524600080,-848050549,1396988257,LM_a191_negTempRationality,2022-03-14
795,1647261203768,1524600080,-848050549,1396988257,LM_a191_negTempRationality,2022-03-14
796,1647261212868,1524600080,-848050549,1396988257,LM_a191_negTempRationality,2022-03-14
797,1647261215668,1524600080,-848050549,1396988257,LM_a191_negTempRationality,2022-03-14
798,1647261218667,1524600080,-848050549,1396988257,LM_a191_negTempRationality,2022-03-14
799,1647261221068,1524600080,-848050549,1396988257,LM_a191_negTempRationality,2022-03-14
800,1647261223867,1524600080,-848050549,1396988257,LM_a191_negTempRationality,2022-03-14
801,1647261226767,1524600080,-848050549,1396988257,LM_a191_negTempRationality,2022-03-14
802,1647261232867,1524600080,-848050549,1396988257,LM_a191_negTempRationality,2022-03-14
803,1647261236768,1524600080,-848050549,1396988257,LM_a191_negTempRationality,2022-03-14
804,1647261238666,1524600080,-848050549,1396988257,LM_a191_negTempRationality,2022-03-14
805,1647261240066,1524600080,-848050549,1396988257,LM_a191_negTempRationality,2022-03-14
806,1647261245765,1524600080,-848050549,1396988257,LM_a191_negTempRationality,2022-03-14
807,1647261248867,1524600080,-848050549,1396988257,LM_a191_negTempRationality,2022-03-14
808,1647261251966,1524600080,-848050549,1396988257,LM_a191_negTempRationality,2022-03-14
809,1647261253865,1524600080,-848050549,1396988257,LM_a191_negTempRationality,2022-03-14
810,1647261255065,1524600080,-848050549,1396988257,LM_a191_negTempRationality,2022-03-14
811,1647261257665,1524600080,-848050549,1396988257,LM_a191_negTempRationality,2022-03-14
812,1647268228400,1524600080,-848050549,1396988257,LM_a191_negTempRationality,2022-03-14
813,1647269334356,1524600080,-848050549,1396988257,LM_a191_negTempRationality,2022-03-14
814,1647269347755,1524600080,-848050549,1396988257,LM_a191_negTempRationality,2022-03-14
815,1647269528849,1524600080,-848050549,1396988257,LM_a191_negTempRationality,2022-03-14
816,1647269570548,1524600080,-848050549,1396988257,LM_a191_negTempRationality,2022-03-14
817,1647269571847,1524600080,-848050549,1396988257,LM_a191_negTempRationality,2022-03-14
818,1647269579147,1524600080,-848050549,1396988257,LM_a191_negTempRationality,2022-03-14
819,1647269581247,1524600080,-848050549,1396988257,LM_a191_negTempRationality,2022-03-14
820,1647269947731,1524600080,-848050549,1396988257,LM_a191_negTempRationality,2022-03-14
821,1647269951032,1524600080,-848050549,1396988257,LM_a191_negTempRationality,2022-03-14
822,1647270255919,1524600080,-848050549,1396988257,LM_a191_negTempRationality,2022-03-14
823,1647270260344,1524600080,-848050549,1396988257,LM_a191_negTempRationality,2022-03-14
824,1647270289218,1524600080,-848050549,1396988257,LM_a191_negTempRationality,2022-03-14
825,1647270290356,1524600080,-848050549,1396988257,LM_a191_negTempRationality,2022-03-14
826,1647247957607,1524600080,-848050549,1396988257,LM_a243_negCoreTempHiFoldBk,2022-03-14
827,1647248241595,1524600080,-848050549,1396988257,LM_a243_negCoreTempHiFoldBk,2022-03-14
828,1647248306589,1524600080,-848050549,1396988257,LM_a243_negCoreTempHiFoldBk,2022-03-14
829,1647269945332,1524600080,-848050549,1396988257,LM_a243_negCoreTempHiFoldBk,2022-03-14
830,1647270250352,1524600080,-848050549,1396988257,LM_a243_negCoreTempHiFoldBk,2022-03-14
831,1647270286319,1524600080,-848050549,1396988257,LM_a243_negCoreTempHiFoldBk,2022-03-14
